id,name,created_at,status,total_amount,discount_amount,discount_percentage,merchant_network_id,merchant_category
22,Beyond purchase,2022-11-15T00:00:00,pending,81500,0,,YVTE9ROHBUDVIB8,commercial_photography_art_and_graphics
39,revel ride,2022-11-15T00:00:00,pending,5705,1141,20,BQTMSBEXTZE3BHX,car_rental_agencies
90,Beyond purchase,2022-11-15T00:00:00,pending,81500,0,,YVTE9ROHBUDVIB8,commercial_photography_art_and_graphics
234,riide leasing,2022-11-15T00:00:00,pending,9900,990,10,000445442516990,bicycle_shops
385,Unagi,2022-11-15T00:00:00,pending,99000,24750,25,EBKBZTSFL6OIFYQ,transportation_services
4,revel rideshare,2022-11-14T00:00:00,pending,5651,0,,BQTMSBEXTZE3BHX,car_rental_agencies
166,Beyond leasing,2022-11-14T00:00:00,pending,6900,0,,YVTE9ROHBUDVIB8,commercial_photography_art_and_graphics
176,lyft ride,2022-11-14T00:00:00,pending,2266,339,15,ML8VGZKUUFD4FEM,taxicabs_limousines
144,Ridepanda lease,2022-11-13T00:00:00,pending,7900,0,,FI9OE226R0ZHOO7,bicycle_shops
151,Bird buy,2022-11-13T00:00:00,pending,69900,6990,10,000445266622999,miscellaneous_recreation_services
242,Bird buy,2022-11-13T00:00:00,pending,69900,6990,10,000445266622999,miscellaneous_recreation_services
492,Beyond leasing,2022-11-13T00:00:00,pending,6900,0,,YVTE9ROHBUDVIB8,commercial_photography_art_and_graphics
104,revel ride,2022-11-12T00:00:00,pending,1345,269,20,BQTMSBEXTZE3BHX,car_rental_agencies
173,Beyond leasing,2022-11-12T00:00:00,pending,6900,0,,YVTE9ROHBUDVIB8,commercial_photography_art_and_graphics
225,riide leasing,2022-11-11T00:00:00,pending,9900,990,10,000445442516990,bicycle_shops
281,lyft ride,2022-11-11T00:00:00,pending,1428,214,15,ML8VGZKUUFD4FEM,taxicabs_limousines
355,Ridepanda lease,2022-11-11T00:00:00,posted,7900,0,,FI9OE226R0ZHOO7,bicycle_shops
401,Unagi,2022-11-11T00:00:00,posted,99000,24750,25,EBKBZTSFL6OIFYQ,transportation_services
268,bird ride,2022-11-10T00:00:00,posted,3240,162,5,7DHYXCKLJMBSZOD,miscellaneous_recreation_services
327,Beyond purchase,2022-11-10T00:00:00,posted,81500,0,,YVTE9ROHBUDVIB8,commercial_photography_art_and_graphics
65,Bird buy,2022-11-09T00:00:00,posted,69900,6990,10,000445266622999,miscellaneous_recreation_services
137,beyond leasing,2022-11-09T00:00:00,posted,6900,0,,YVTE9ROHBUDVIB8,commercial_photography_art_and_graphics
362,Unagi,2022-11-08T00:00:00,posted,99000,24750,25,EBKBZTSFL6OIFYQ,transportation_services
157,revel ride,2022-11-07T00:00:00,posted,6183,1236,20,BQTMSBEXTZE3BHX,car_rental_agencies
164,Bird buy,2022-11-07T00:00:00,posted,69900,6990,10,000445266622999,miscellaneous_recreation_services
249,lyft ride,2022-11-07T00:00:00,posted,3334,500,15,ML8VGZKUUFD4FEM,taxicabs_limousines
344,riide leasing,2022-11-07T00:00:00,posted,9900,990,10,000445442516990,bicycle_shops
403,uber ride,2022-11-07T00:00:00,posted,6217,932,15,000445197950998,taxicabs_limousines
448,Bird buy,2022-11-07T00:00:00,posted,69900,6990,10,000445266622999,miscellaneous_recreation_services
149,riide leasing,2022-11-06T00:00:00,posted,9900,990,10,000445442516990,bicycle_shops
364,revel rideshare,2022-11-06T00:00:00,posted,1002,0,,BQTMSBEXTZE3BHX,car_rental_agencies
199,Ridepanda lease,2022-11-04T00:00:00,posted,7900,0,,FI9OE226R0ZHOO7,bicycle_shops
114,revel ride,2022-11-03T00:00:00,posted,3516,703,20,BQTMSBEXTZE3BHX,car_rental_agencies
363,Ridepanda lease,2022-11-03T00:00:00,posted,7900,0,,FI9OE226R0ZHOO7,bicycle_shops
511,Ridepanda lease,2022-11-02T00:00:00,posted,7900,0,,FI9OE226R0ZHOO7,bicycle_shops
71,Ridepanda lease,2022-11-01T00:00:00,posted,7900,0,,FI9OE226R0ZHOO7,bicycle_shops
129,revel ride,2022-11-01T00:00:00,posted,5527,1105,20,BQTMSBEXTZE3BHX,car_rental_agencies
158,Unagi,2022-11-01T00:00:00,posted,99000,24750,25,EBKBZTSFL6OIFYQ,transportation_services
191,revel rideshare,2022-11-01T00:00:00,posted,5103,0,,BQTMSBEXTZE3BHX,car_rental_agencies
197,Beyond purchase,2022-11-01T00:00:00,posted,81500,0,,YVTE9ROHBUDVIB8,commercial_photography_art_and_graphics
298,uber ride,2022-11-01T00:00:00,posted,6413,961,15,000445197950998,taxicabs_limousines
400,Unagi,2022-11-01T00:00:00,posted,99000,24750,25,EBKBZTSFL6OIFYQ,transportation_services
464,Bird buy,2022-11-01T00:00:00,posted,69900,6990,10,000445266622999,miscellaneous_recreation_services
431,Bird buy,2022-10-31T00:00:00,posted,69900,6990,10,000445266622999,miscellaneous_recreation_services
61,beyond leasing,2022-10-30T00:00:00,posted,6900,0,,YVTE9ROHBUDVIB8,commercial_photography_art_and_graphics
500,revel ride,2022-10-30T00:00:00,posted,2963,592,20,BQTMSBEXTZE3BHX,car_rental_agencies
161,revel rideshare,2022-10-29T00:00:00,posted,1370,0,,BQTMSBEXTZE3BHX,car_rental_agencies
202,revel rideshare,2022-10-29T00:00:00,posted,1066,0,,BQTMSBEXTZE3BHX,car_rental_agencies
509,Bird buy,2022-10-29T00:00:00,posted,69900,6990,10,000445266622999,miscellaneous_recreation_services
21,bird ride,2022-10-28T00:00:00,posted,3334,166,5,7DHYXCKLJMBSZOD,miscellaneous_recreation_services
185,Ridepanda lease,2022-10-28T00:00:00,posted,7900,0,,FI9OE226R0ZHOO7,bicycle_shops
312,Bird buy,2022-10-28T00:00:00,posted,69900,6990,10,000445266622999,miscellaneous_recreation_services
95,revel rideshare,2022-10-27T00:00:00,posted,2318,0,,BQTMSBEXTZE3BHX,car_rental_agencies
209,lyft ride,2022-10-27T00:00:00,posted,1730,259,15,ML8VGZKUUFD4FEM,taxicabs_limousines
219,Beyond leasing,2022-10-26T00:00:00,posted,6900,0,,YVTE9ROHBUDVIB8,commercial_photography_art_and_graphics
48,revel ride,2022-10-25T00:00:00,posted,4884,976,20,BQTMSBEXTZE3BHX,car_rental_agencies
126,revel rideshare,2022-10-25T00:00:00,posted,1717,0,,BQTMSBEXTZE3BHX,car_rental_agencies
465,Beyond purchase,2022-10-25T00:00:00,posted,81500,0,,YVTE9ROHBUDVIB8,commercial_photography_art_and_graphics
248,revel ride,2022-10-23T00:00:00,posted,3427,685,20,BQTMSBEXTZE3BHX,car_rental_agencies
325,lyft ride,2022-10-23T00:00:00,posted,2648,397,15,ML8VGZKUUFD4FEM,taxicabs_limousines
32,revel rideshare,2022-10-22T00:00:00,posted,6393,0,,BQTMSBEXTZE3BHX,car_rental_agencies
34,Bird buy,2022-10-22T00:00:00,posted,69900,6990,10,000445266622999,miscellaneous_recreation_services
47,beyond leasing,2022-10-22T00:00:00,posted,6900,0,,YVTE9ROHBUDVIB8,commercial_photography_art_and_graphics
50,Beyond purchase,2022-10-22T00:00:00,posted,81500,0,,YVTE9ROHBUDVIB8,commercial_photography_art_and_graphics
329,Bird buy,2022-10-22T00:00:00,posted,69900,6990,10,000445266622999,miscellaneous_recreation_services
245,Beyond leasing,2022-10-21T00:00:00,posted,6900,0,,YVTE9ROHBUDVIB8,commercial_photography_art_and_graphics
373,Beyond leasing,2022-10-21T00:00:00,posted,6900,0,,YVTE9ROHBUDVIB8,commercial_photography_art_and_graphics
288,Bird buy,2022-10-20T00:00:00,posted,69900,6990,10,000445266622999,miscellaneous_recreation_services
208,bird ride,2022-10-18T00:00:00,posted,6038,301,5,7DHYXCKLJMBSZOD,miscellaneous_recreation_services
352,Unagi,2022-10-18T00:00:00,posted,99000,24750,25,EBKBZTSFL6OIFYQ,transportation_services
390,Ridepanda lease,2022-10-18T00:00:00,posted,7900,0,,FI9OE226R0ZHOO7,bicycle_shops
40,Ridepanda lease,2022-10-17T00:00:00,posted,7900,0,,FI9OE226R0ZHOO7,bicycle_shops
192,Bird buy,2022-10-17T00:00:00,posted,69900,6990,10,000445266622999,miscellaneous_recreation_services
62,Ridepanda lease,2022-10-16T00:00:00,posted,7900,0,,FI9OE226R0ZHOO7,bicycle_shops
317,lyft ride,2022-10-16T00:00:00,posted,4048,607,15,ML8VGZKUUFD4FEM,taxicabs_limousines
334,Bird buy,2022-10-16T00:00:00,posted,69900,6990,10,000445266622999,miscellaneous_recreation_services
447,revel rideshare,2022-10-16T00:00:00,posted,6272,0,,BQTMSBEXTZE3BHX,car_rental_agencies
207,Beyond leasing,2022-10-15T00:00:00,posted,6900,0,,YVTE9ROHBUDVIB8,commercial_photography_art_and_graphics
445,lyft ride,2022-10-15T00:00:00,posted,3354,503,15,ML8VGZKUUFD4FEM,taxicabs_limousines
198,revel ride,2022-10-14T00:00:00,posted,3048,609,20,BQTMSBEXTZE3BHX,car_rental_agencies
370,Beyond leasing,2022-10-14T00:00:00,posted,6900,0,,YVTE9ROHBUDVIB8,commercial_photography_art_and_graphics
188,Ridepanda lease,2022-10-13T00:00:00,posted,7900,0,,FI9OE226R0ZHOO7,bicycle_shops
235,revel ride,2022-10-13T00:00:00,posted,5857,1171,20,BQTMSBEXTZE3BHX,car_rental_agencies
291,Bird buy,2022-10-13T00:00:00,posted,69900,6990,10,000445266622999,miscellaneous_recreation_services
483,Ridepanda lease,2022-10-13T00:00:00,posted,7900,0,,FI9OE226R0ZHOO7,bicycle_shops
501,Ridepanda lease,2022-10-12T00:00:00,posted,7900,0,,FI9OE226R0ZHOO7,bicycle_shops
502,Ridepanda lease,2022-10-12T00:00:00,posted,7900,0,,FI9OE226R0ZHOO7,bicycle_shops
134,beyond leasing,2022-10-11T00:00:00,posted,6900,0,,YVTE9ROHBUDVIB8,commercial_photography_art_and_graphics
227,revel ride,2022-10-11T00:00:00,posted,6539,1307,20,BQTMSBEXTZE3BHX,car_rental_agencies
238,Ridepanda lease,2022-10-11T00:00:00,posted,7900,0,,FI9OE226R0ZHOO7,bicycle_shops
452,bird ride,2022-10-11T00:00:00,posted,6774,338,5,7DHYXCKLJMBSZOD,miscellaneous_recreation_services
35,revel ride,2022-10-10T00:00:00,posted,5052,1010,20,BQTMSBEXTZE3BHX,car_rental_agencies
482,Ridepanda lease,2022-10-10T00:00:00,posted,7900,0,,FI9OE226R0ZHOO7,bicycle_shops
229,Bird buy,2022-10-09T00:00:00,posted,69900,6990,10,000445266622999,miscellaneous_recreation_services
280,Bird buy,2022-10-09T00:00:00,posted,69900,6990,10,000445266622999,miscellaneous_recreation_services
393,Ridepanda lease,2022-10-09T00:00:00,posted,7900,0,,FI9OE226R0ZHOO7,bicycle_shops
478,bird ride,2022-10-09T00:00:00,posted,817,40,5,7DHYXCKLJMBSZOD,miscellaneous_recreation_services
485,beyond leasing,2022-10-09T00:00:00,posted,6900,0,,YVTE9ROHBUDVIB8,commercial_photography_art_and_graphics
70,bird ride,2022-10-07T00:00:00,posted,6663,333,5,7DHYXCKLJMBSZOD,miscellaneous_recreation_services
98,Ridepanda lease,2022-10-06T00:00:00,posted,7900,0,,FI9OE226R0ZHOO7,bicycle_shops
127,Beyond leasing,2022-10-06T00:00:00,posted,6900,0,,YVTE9ROHBUDVIB8,commercial_photography_art_and_graphics
348,Ridepanda lease,2022-10-06T00:00:00,posted,7900,0,,FI9OE226R0ZHOO7,bicycle_shops
171,revel ride,2022-10-05T00:00:00,posted,3140,628,20,BQTMSBEXTZE3BHX,car_rental_agencies
257,uber ride,2022-10-04T00:00:00,posted,6908,1036,15,000445197950998,taxicabs_limousines
266,Bird buy,2022-10-04T00:00:00,posted,69900,6990,10,000445266622999,miscellaneous_recreation_services
429,Bird buy,2022-10-03T00:00:00,posted,69900,6990,10,000445266622999,miscellaneous_recreation_services
472,revel ride,2022-10-02T00:00:00,posted,5354,1070,20,BQTMSBEXTZE3BHX,car_rental_agencies
331,revel ride,2022-10-01T00:00:00,posted,4515,903,20,BQTMSBEXTZE3BHX,car_rental_agencies
103,beyond leasing,2022-09-30T00:00:00,posted,6900,0,,YVTE9ROHBUDVIB8,commercial_photography_art_and_graphics
172,Bird buy,2022-09-30T00:00:00,posted,69900,6990,10,000445266622999,miscellaneous_recreation_services
341,uber ride,2022-09-30T00:00:00,posted,1281,192,15,000445197950998,taxicabs_limousines
46,lyft ride,2022-09-28T00:00:00,posted,4002,600,15,ML8VGZKUUFD4FEM,taxicabs_limousines
59,revel rideshare,2022-09-28T00:00:00,posted,1398,0,,BQTMSBEXTZE3BHX,car_rental_agencies
175,Bird buy,2022-09-28T00:00:00,posted,69900,6990,10,000445266622999,miscellaneous_recreation_services
260,revel ride,2022-09-28T00:00:00,posted,1961,392,20,BQTMSBEXTZE3BHX,car_rental_agencies
76,bird ride,2022-09-27T00:00:00,posted,2193,109,5,7DHYXCKLJMBSZOD,miscellaneous_recreation_services
138,Ridepanda lease,2022-09-27T00:00:00,posted,7900,0,,FI9OE226R0ZHOO7,bicycle_shops
463,riide leasing,2022-09-27T00:00:00,posted,9900,990,10,000445442516990,bicycle_shops
470,uber ride,2022-09-27T00:00:00,posted,3029,454,15,000445197950998,taxicabs_limousines
19,Bird buy,2022-09-26T00:00:00,posted,69900,6990,10,000445266622999,miscellaneous_recreation_services
80,riide leasing,2022-09-26T00:00:00,posted,9900,990,10,000445442516990,bicycle_shops
37,Beyond purchase,2022-09-25T00:00:00,posted,81500,0,,YVTE9ROHBUDVIB8,commercial_photography_art_and_graphics
135,revel ride,2022-09-25T00:00:00,posted,5592,1118,20,BQTMSBEXTZE3BHX,car_rental_agencies
311,Bird buy,2022-09-25T00:00:00,posted,69900,6990,10,000445266622999,miscellaneous_recreation_services
359,Ridepanda lease,2022-09-25T00:00:00,posted,7900,0,,FI9OE226R0ZHOO7,bicycle_shops
425,bird ride,2022-09-25T00:00:00,posted,2913,145,5,7DHYXCKLJMBSZOD,miscellaneous_recreation_services
475,Ridepanda lease,2022-09-25T00:00:00,posted,7900,0,,FI9OE226R0ZHOO7,bicycle_shops
63,Bird buy,2022-09-24T00:00:00,posted,69900,6990,10,000445266622999,miscellaneous_recreation_services
36,lyft ride,2022-09-23T00:00:00,posted,1254,188,15,ML8VGZKUUFD4FEM,taxicabs_limousines
121,revel ride,2022-09-23T00:00:00,posted,727,145,20,BQTMSBEXTZE3BHX,car_rental_agencies
272,revel ride,2022-09-23T00:00:00,posted,864,172,20,BQTMSBEXTZE3BHX,car_rental_agencies
310,Ridepanda lease,2022-09-23T00:00:00,posted,7900,0,,FI9OE226R0ZHOO7,bicycle_shops
420,Unagi,2022-09-23T00:00:00,posted,99000,24750,25,EBKBZTSFL6OIFYQ,transportation_services
314,Ridepanda lease,2022-09-22T00:00:00,posted,7900,0,,FI9OE226R0ZHOO7,bicycle_shops
489,Bird buy,2022-09-22T00:00:00,posted,69900,6990,10,000445266622999,miscellaneous_recreation_services
437,Bird buy,2022-09-21T00:00:00,posted,69900,6990,10,000445266622999,miscellaneous_recreation_services
216,Ridepanda lease,2022-09-20T00:00:00,posted,7900,0,,FI9OE226R0ZHOO7,bicycle_shops
307,revel ride,2022-09-20T00:00:00,posted,444,88,20,BQTMSBEXTZE3BHX,car_rental_agencies
115,bird ride,2022-09-19T00:00:00,posted,4271,213,5,7DHYXCKLJMBSZOD,miscellaneous_recreation_services
255,bird ride,2022-09-19T00:00:00,posted,2767,138,5,7DHYXCKLJMBSZOD,miscellaneous_recreation_services
386,Beyond leasing,2022-09-19T00:00:00,posted,6900,0,,YVTE9ROHBUDVIB8,commercial_photography_art_and_graphics
418,revel ride,2022-09-19T00:00:00,posted,3573,714,20,BQTMSBEXTZE3BHX,car_rental_agencies
427,uber ride,2022-09-19T00:00:00,posted,1635,245,15,000445197950998,taxicabs_limousines
3,revel rideshare,2022-09-18T00:00:00,posted,1654,0,,BQTMSBEXTZE3BHX,car_rental_agencies
231,beyond leasing,2022-09-18T00:00:00,posted,6900,0,,YVTE9ROHBUDVIB8,commercial_photography_art_and_graphics
239,revel ride,2022-09-18T00:00:00,posted,3049,609,20,BQTMSBEXTZE3BHX,car_rental_agencies
102,revel ride,2022-09-17T00:00:00,posted,6176,1235,20,BQTMSBEXTZE3BHX,car_rental_agencies
240,Bird buy,2022-09-17T00:00:00,posted,69900,6990,10,000445266622999,miscellaneous_recreation_services
406,uber ride,2022-09-17T00:00:00,posted,5682,852,15,000445197950998,taxicabs_limousines
169,bird ride,2022-09-16T00:00:00,posted,3643,182,5,7DHYXCKLJMBSZOD,miscellaneous_recreation_services
299,Ridepanda lease,2022-09-16T00:00:00,posted,7900,0,,FI9OE226R0ZHOO7,bicycle_shops
82,uber ride,2022-09-15T00:00:00,posted,1380,207,15,000445197950998,taxicabs_limousines
143,Unagi,2022-09-15T00:00:00,posted,99000,24750,25,EBKBZTSFL6OIFYQ,transportation_services
247,revel ride,2022-09-15T00:00:00,posted,4355,871,20,BQTMSBEXTZE3BHX,car_rental_agencies
73,bird ride,2022-09-14T00:00:00,posted,4239,211,5,7DHYXCKLJMBSZOD,miscellaneous_recreation_services
153,uber ride,2022-09-14T00:00:00,posted,2957,443,15,000445197950998,taxicabs_limousines
72,beyond leasing,2022-09-12T00:00:00,posted,6900,0,,YVTE9ROHBUDVIB8,commercial_photography_art_and_graphics
193,Ridepanda lease,2022-09-12T00:00:00,posted,7900,0,,FI9OE226R0ZHOO7,bicycle_shops
136,Ridepanda lease,2022-09-11T00:00:00,posted,7900,0,,FI9OE226R0ZHOO7,bicycle_shops
196,lyft ride,2022-09-11T00:00:00,posted,4413,661,15,ML8VGZKUUFD4FEM,taxicabs_limousines
391,Beyond purchase,2022-09-11T00:00:00,posted,81500,0,,YVTE9ROHBUDVIB8,commercial_photography_art_and_graphics
442,Ridepanda lease,2022-09-11T00:00:00,posted,7900,0,,FI9OE226R0ZHOO7,bicycle_shops
477,revel ride,2022-09-11T00:00:00,posted,5428,1085,20,BQTMSBEXTZE3BHX,car_rental_agencies
51,bird ride,2022-09-10T00:00:00,posted,3871,193,5,7DHYXCKLJMBSZOD,miscellaneous_recreation_services
284,Beyond purchase,2022-09-10T00:00:00,posted,81500,0,,YVTE9ROHBUDVIB8,commercial_photography_art_and_graphics
413,lyft ride,2022-09-09T00:00:00,posted,4070,610,15,ML8VGZKUUFD4FEM,taxicabs_limousines
2,revel ride,2022-09-08T00:00:00,posted,2727,545,20,BQTMSBEXTZE3BHX,car_rental_agencies
44,Bird buy,2022-09-08T00:00:00,posted,69900,6990,10,000445266622999,miscellaneous_recreation_services
116,Beyond leasing,2022-09-08T00:00:00,posted,6900,0,,YVTE9ROHBUDVIB8,commercial_photography_art_and_graphics
118,Ridepanda lease,2022-09-08T00:00:00,posted,7900,0,,FI9OE226R0ZHOO7,bicycle_shops
163,Ridepanda lease,2022-09-08T00:00:00,posted,7900,0,,FI9OE226R0ZHOO7,bicycle_shops
409,riide leasing,2022-09-08T00:00:00,posted,9900,990,10,000445442516990,bicycle_shops
410,revel ride,2022-09-08T00:00:00,posted,2261,452,20,BQTMSBEXTZE3BHX,car_rental_agencies
84,revel ride,2022-09-07T00:00:00,posted,5433,1086,20,BQTMSBEXTZE3BHX,car_rental_agencies
195,Unagi,2022-09-07T00:00:00,posted,99000,24750,25,EBKBZTSFL6OIFYQ,transportation_services
297,revel rideshare,2022-09-07T00:00:00,posted,4775,0,,BQTMSBEXTZE3BHX,car_rental_agencies
441,revel ride,2022-09-07T00:00:00,posted,2601,520,20,BQTMSBEXTZE3BHX,car_rental_agencies
443,lyft ride,2022-09-07T00:00:00,posted,5961,894,15,ML8VGZKUUFD4FEM,taxicabs_limousines
5,Unagi,2022-09-06T00:00:00,posted,99000,24750,25,EBKBZTSFL6OIFYQ,transportation_services
24,revel rideshare,2022-09-06T00:00:00,posted,4787,0,,BQTMSBEXTZE3BHX,car_rental_agencies
79,Ridepanda lease,2022-09-06T00:00:00,posted,7900,0,,FI9OE226R0ZHOO7,bicycle_shops
387,Bird buy,2022-09-06T00:00:00,posted,69900,6990,10,000445266622999,miscellaneous_recreation_services
69,Bird buy,2022-09-05T00:00:00,posted,69900,6990,10,000445266622999,miscellaneous_recreation_services
190,Unagi,2022-09-05T00:00:00,posted,99000,24750,25,EBKBZTSFL6OIFYQ,transportation_services
353,Ridepanda lease,2022-09-05T00:00:00,posted,7900,0,,FI9OE226R0ZHOO7,bicycle_shops
87,beyond leasing,2022-09-04T00:00:00,posted,6900,0,,YVTE9ROHBUDVIB8,commercial_photography_art_and_graphics
306,bird ride,2022-09-03T00:00:00,posted,4129,206,5,7DHYXCKLJMBSZOD,miscellaneous_recreation_services
316,Beyond leasing,2022-09-03T00:00:00,posted,6900,0,,YVTE9ROHBUDVIB8,commercial_photography_art_and_graphics
1,revel ride,2022-09-02T00:00:00,posted,5927,1185,20,BQTMSBEXTZE3BHX,car_rental_agencies
241,Unagi,2022-09-02T00:00:00,posted,99000,24750,25,EBKBZTSFL6OIFYQ,transportation_services
503,lyft ride,2022-09-02T00:00:00,posted,1549,232,15,ML8VGZKUUFD4FEM,taxicabs_limousines
388,Unagi,2022-09-01T00:00:00,posted,99000,24750,25,EBKBZTSFL6OIFYQ,transportation_services
146,lyft ride,2022-08-31T00:00:00,posted,5081,762,15,ML8VGZKUUFD4FEM,taxicabs_limousines
182,riide leasing,2022-08-31T00:00:00,posted,9900,990,10,000445442516990,bicycle_shops
264,riide leasing,2022-08-31T00:00:00,posted,9900,990,10,000445442516990,bicycle_shops
296,lyft ride,2022-08-31T00:00:00,posted,5046,756,15,ML8VGZKUUFD4FEM,taxicabs_limousines
313,bird ride,2022-08-31T00:00:00,posted,1827,91,5,7DHYXCKLJMBSZOD,miscellaneous_recreation_services
494,revel ride,2022-08-31T00:00:00,posted,5660,1132,20,BQTMSBEXTZE3BHX,car_rental_agencies
78,riide leasing,2022-08-30T00:00:00,posted,9900,990,10,000445442516990,bicycle_shops
218,revel rideshare,2022-08-30T00:00:00,posted,6899,0,,BQTMSBEXTZE3BHX,car_rental_agencies
436,revel ride,2022-08-30T00:00:00,posted,5069,1013,20,BQTMSBEXTZE3BHX,car_rental_agencies
326,lyft ride,2022-08-28T00:00:00,posted,1951,292,15,ML8VGZKUUFD4FEM,taxicabs_limousines
408,Ridepanda lease,2022-08-28T00:00:00,posted,7900,0,,FI9OE226R0ZHOO7,bicycle_shops
480,riide leasing,2022-08-28T00:00:00,posted,9900,990,10,000445442516990,bicycle_shops
508,revel ride,2022-08-28T00:00:00,posted,5269,1053,20,BQTMSBEXTZE3BHX,car_rental_agencies
271,Bird buy,2022-08-27T00:00:00,posted,69900,6990,10,000445266622999,miscellaneous_recreation_services
303,revel rideshare,2022-08-27T00:00:00,posted,4607,0,,BQTMSBEXTZE3BHX,car_rental_agencies
328,revel rideshare,2022-08-27T00:00:00,posted,6609,0,,BQTMSBEXTZE3BHX,car_rental_agencies
15,Beyond purchase,2022-08-26T00:00:00,posted,81500,0,,YVTE9ROHBUDVIB8,commercial_photography_art_and_graphics
423,Ridepanda lease,2022-08-26T00:00:00,posted,7900,0,,FI9OE226R0ZHOO7,bicycle_shops
81,revel ride,2022-08-25T00:00:00,posted,3875,775,20,BQTMSBEXTZE3BHX,car_rental_agencies
179,revel ride,2022-08-25T00:00:00,posted,4012,802,20,BQTMSBEXTZE3BHX,car_rental_agencies
165,Bird buy,2022-08-24T00:00:00,posted,69900,6990,10,000445266622999,miscellaneous_recreation_services
371,Beyond purchase,2022-08-24T00:00:00,posted,81500,0,,YVTE9ROHBUDVIB8,commercial_photography_art_and_graphics
145,Beyond purchase,2022-08-23T00:00:00,posted,81500,0,,YVTE9ROHBUDVIB8,commercial_photography_art_and_graphics
368,revel rideshare,2022-08-23T00:00:00,posted,2687,0,,BQTMSBEXTZE3BHX,car_rental_agencies
187,Unagi,2022-08-22T00:00:00,posted,99000,24750,25,EBKBZTSFL6OIFYQ,transportation_services
13,revel ride,2022-08-21T00:00:00,posted,6453,1290,20,BQTMSBEXTZE3BHX,car_rental_agencies
66,Beyond purchase,2022-08-21T00:00:00,posted,81500,0,,YVTE9ROHBUDVIB8,commercial_photography_art_and_graphics
459,uber ride,2022-08-21T00:00:00,posted,5730,859,15,000445197950998,taxicabs_limousines
466,beyond leasing,2022-08-21T00:00:00,posted,6900,0,,YVTE9ROHBUDVIB8,commercial_photography_art_and_graphics
486,lyft ride,2022-08-21T00:00:00,posted,3903,585,15,ML8VGZKUUFD4FEM,taxicabs_limousines
16,Ridepanda lease,2022-08-20T00:00:00,posted,7900,0,,FI9OE226R0ZHOO7,bicycle_shops
397,Ridepanda lease,2022-08-20T00:00:00,posted,7900,0,,FI9OE226R0ZHOO7,bicycle_shops
55,Ridepanda lease,2022-08-19T00:00:00,posted,7900,0,,FI9OE226R0ZHOO7,bicycle_shops
411,lyft ride,2022-08-19T00:00:00,posted,6310,946,15,ML8VGZKUUFD4FEM,taxicabs_limousines
449,riide leasing,2022-08-19T00:00:00,posted,9900,990,10,000445442516990,bicycle_shops
99,uber ride,2022-08-18T00:00:00,posted,6688,1003,15,000445197950998,taxicabs_limousines
244,Ridepanda lease,2022-08-18T00:00:00,posted,7900,0,,FI9OE226R0ZHOO7,bicycle_shops
189,lyft ride,2022-08-17T00:00:00,posted,4886,732,15,ML8VGZKUUFD4FEM,taxicabs_limousines
286,Unagi,2022-08-17T00:00:00,posted,99000,24750,25,EBKBZTSFL6OIFYQ,transportation_services
430,bird ride,2022-08-17T00:00:00,posted,6160,308,5,7DHYXCKLJMBSZOD,miscellaneous_recreation_services
506,revel rideshare,2022-08-17T00:00:00,posted,1408,0,,BQTMSBEXTZE3BHX,car_rental_agencies
128,revel rideshare,2022-08-15T00:00:00,posted,2651,0,,BQTMSBEXTZE3BHX,car_rental_agencies
356,Bird buy,2022-08-15T00:00:00,posted,69900,6990,10,000445266622999,miscellaneous_recreation_services
484,beyond leasing,2022-08-15T00:00:00,posted,6900,0,,YVTE9ROHBUDVIB8,commercial_photography_art_and_graphics
54,bird ride,2022-08-14T00:00:00,posted,1839,91,5,7DHYXCKLJMBSZOD,miscellaneous_recreation_services
181,Beyond purchase,2022-08-14T00:00:00,posted,81500,0,,YVTE9ROHBUDVIB8,commercial_photography_art_and_graphics
278,beyond leasing,2022-08-14T00:00:00,posted,6900,0,,YVTE9ROHBUDVIB8,commercial_photography_art_and_graphics
109,Beyond purchase,2022-08-13T00:00:00,posted,81500,0,,YVTE9ROHBUDVIB8,commercial_photography_art_and_graphics
290,bird ride,2022-08-13T00:00:00,posted,3155,157,5,7DHYXCKLJMBSZOD,miscellaneous_recreation_services
201,riide leasing,2022-08-12T00:00:00,posted,9900,990,10,000445442516990,bicycle_shops
258,Ridepanda lease,2022-08-12T00:00:00,posted,7900,0,,FI9OE226R0ZHOO7,bicycle_shops
277,Ridepanda lease,2022-08-12T00:00:00,posted,7900,0,,FI9OE226R0ZHOO7,bicycle_shops
301,Unagi,2022-08-12T00:00:00,posted,99000,24750,25,EBKBZTSFL6OIFYQ,transportation_services
119,bird ride,2022-08-11T00:00:00,posted,3512,175,5,7DHYXCKLJMBSZOD,miscellaneous_recreation_services
130,Bird buy,2022-08-11T00:00:00,posted,69900,6990,10,000445266622999,miscellaneous_recreation_services
206,Bird buy,2022-08-09T00:00:00,posted,69900,6990,10,000445266622999,miscellaneous_recreation_services
211,Ridepanda lease,2022-08-09T00:00:00,posted,7900,0,,FI9OE226R0ZHOO7,bicycle_shops
322,Beyond purchase,2022-08-09T00:00:00,posted,81500,0,,YVTE9ROHBUDVIB8,commercial_photography_art_and_graphics
372,uber ride,2022-08-08T00:00:00,posted,6069,910,15,000445197950998,taxicabs_limousines
215,bird ride,2022-08-07T00:00:00,posted,902,45,5,7DHYXCKLJMBSZOD,miscellaneous_recreation_services
293,Beyond purchase,2022-08-07T00:00:00,posted,81500,0,,YVTE9ROHBUDVIB8,commercial_photography_art_and_graphics
309,Beyond leasing,2022-08-05T00:00:00,posted,6900,0,,YVTE9ROHBUDVIB8,commercial_photography_art_and_graphics
414,riide leasing,2022-08-05T00:00:00,posted,9900,990,10,000445442516990,bicycle_shops
10,Beyond leasing,2022-08-04T00:00:00,posted,6900,0,,YVTE9ROHBUDVIB8,commercial_photography_art_and_graphics
86,Bird buy,2022-08-04T00:00:00,posted,69900,6990,10,000445266622999,miscellaneous_recreation_services
283,Ridepanda lease,2022-08-04T00:00:00,posted,7900,0,,FI9OE226R0ZHOO7,bicycle_shops
294,Unagi,2022-08-04T00:00:00,posted,99000,24750,25,EBKBZTSFL6OIFYQ,transportation_services
398,Ridepanda lease,2022-08-04T00:00:00,posted,7900,0,,FI9OE226R0ZHOO7,bicycle_shops
510,beyond leasing,2022-08-04T00:00:00,posted,6900,0,,YVTE9ROHBUDVIB8,commercial_photography_art_and_graphics
453,revel ride,2022-08-03T00:00:00,posted,1700,340,20,BQTMSBEXTZE3BHX,car_rental_agencies
17,Bird buy,2022-08-02T00:00:00,posted,69900,6990,10,000445266622999,miscellaneous_recreation_services
43,Unagi,2022-08-02T00:00:00,posted,99000,24750,25,EBKBZTSFL6OIFYQ,transportation_services
45,beyond leasing,2022-08-02T00:00:00,posted,6900,0,,YVTE9ROHBUDVIB8,commercial_photography_art_and_graphics
52,Bird buy,2022-08-02T00:00:00,posted,69900,6990,10,000445266622999,miscellaneous_recreation_services
85,lyft ride,2022-08-02T00:00:00,posted,1683,252,15,ML8VGZKUUFD4FEM,taxicabs_limousines
419,Unagi,2022-08-02T00:00:00,posted,99000,24750,25,EBKBZTSFL6OIFYQ,transportation_services
498,lyft ride,2022-08-01T00:00:00,posted,3197,479,15,ML8VGZKUUFD4FEM,taxicabs_limousines
11,lyft ride,2022-07-31T00:00:00,posted,1932,289,15,ML8VGZKUUFD4FEM,taxicabs_limousines
200,revel ride,2022-07-31T00:00:00,posted,1950,390,20,BQTMSBEXTZE3BHX,car_rental_agencies
340,beyond leasing,2022-07-31T00:00:00,posted,6900,0,,YVTE9ROHBUDVIB8,commercial_photography_art_and_graphics
490,Bird buy,2022-07-31T00:00:00,posted,69900,6990,10,000445266622999,miscellaneous_recreation_services
289,Bird buy,2022-07-30T00:00:00,posted,69900,6990,10,000445266622999,miscellaneous_recreation_services
148,Beyond leasing,2022-07-29T00:00:00,posted,6900,0,,YVTE9ROHBUDVIB8,commercial_photography_art_and_graphics
422,Ridepanda lease,2022-07-29T00:00:00,posted,7900,0,,FI9OE226R0ZHOO7,bicycle_shops
333,Beyond purchase,2022-07-28T00:00:00,posted,81500,0,,YVTE9ROHBUDVIB8,commercial_photography_art_and_graphics
407,Bird buy,2022-07-28T00:00:00,posted,69900,6990,10,000445266622999,miscellaneous_recreation_services
454,Ridepanda lease,2022-07-28T00:00:00,posted,7900,0,,FI9OE226R0ZHOO7,bicycle_shops
177,bird ride,2022-07-27T00:00:00,posted,5800,290,5,7DHYXCKLJMBSZOD,miscellaneous_recreation_services
180,Bird buy,2022-07-27T00:00:00,posted,69900,6990,10,000445266622999,miscellaneous_recreation_services
83,bird ride,2022-07-26T00:00:00,posted,5052,252,5,7DHYXCKLJMBSZOD,miscellaneous_recreation_services
336,bird ride,2022-07-26T00:00:00,posted,5777,288,5,7DHYXCKLJMBSZOD,miscellaneous_recreation_services
57,riide leasing,2022-07-25T00:00:00,posted,9900,990,10,000445442516990,bicycle_shops
273,Unagi,2022-07-25T00:00:00,posted,99000,24750,25,EBKBZTSFL6OIFYQ,transportation_services
251,beyond leasing,2022-07-24T00:00:00,posted,6900,0,,YVTE9ROHBUDVIB8,commercial_photography_art_and_graphics
332,riide leasing,2022-07-24T00:00:00,posted,9900,990,10,000445442516990,bicycle_shops
360,Ridepanda lease,2022-07-23T00:00:00,posted,7900,0,,FI9OE226R0ZHOO7,bicycle_shops
381,Beyond leasing,2022-07-23T00:00:00,posted,6900,0,,YVTE9ROHBUDVIB8,commercial_photography_art_and_graphics
416,bird ride,2022-07-23T00:00:00,posted,2695,134,5,7DHYXCKLJMBSZOD,miscellaneous_recreation_services
6,riide leasing,2022-07-22T00:00:00,posted,9900,990,10,000445442516990,bicycle_shops
357,lyft ride,2022-07-22T00:00:00,posted,4148,622,15,ML8VGZKUUFD4FEM,taxicabs_limousines
162,Ridepanda lease,2022-07-21T00:00:00,posted,7900,0,,FI9OE226R0ZHOO7,bicycle_shops
167,bird ride,2022-07-21T00:00:00,posted,6383,319,5,7DHYXCKLJMBSZOD,miscellaneous_recreation_services
28,Bird buy,2022-07-20T00:00:00,posted,69900,6990,10,000445266622999,miscellaneous_recreation_services
64,revel rideshare,2022-07-20T00:00:00,posted,5495,0,,BQTMSBEXTZE3BHX,car_rental_agencies
124,revel rideshare,2022-07-19T00:00:00,posted,5158,0,,BQTMSBEXTZE3BHX,car_rental_agencies
253,Beyond leasing,2022-07-19T00:00:00,posted,6900,0,,YVTE9ROHBUDVIB8,commercial_photography_art_and_graphics
347,Bird buy,2022-07-19T00:00:00,posted,69900,6990,10,000445266622999,miscellaneous_recreation_services
279,Bird buy,2022-07-18T00:00:00,posted,69900,6990,10,000445266622999,miscellaneous_recreation_services
374,riide leasing,2022-07-18T00:00:00,posted,9900,990,10,000445442516990,bicycle_shops
18,riide leasing,2022-07-17T00:00:00,posted,9900,990,10,000445442516990,bicycle_shops
471,Ridepanda lease,2022-07-17T00:00:00,posted,7900,0,,FI9OE226R0ZHOO7,bicycle_shops
367,bird ride,2022-07-16T00:00:00,posted,1222,61,5,7DHYXCKLJMBSZOD,miscellaneous_recreation_services
392,Beyond leasing,2022-07-16T00:00:00,posted,6900,0,,YVTE9ROHBUDVIB8,commercial_photography_art_and_graphics
223,Unagi,2022-07-15T00:00:00,posted,99000,24750,25,EBKBZTSFL6OIFYQ,transportation_services
495,revel ride,2022-07-14T00:00:00,posted,609,121,20,BQTMSBEXTZE3BHX,car_rental_agencies
315,Beyond leasing,2022-07-13T00:00:00,posted,6900,0,,YVTE9ROHBUDVIB8,commercial_photography_art_and_graphics
110,beyond leasing,2022-07-12T00:00:00,posted,6900,0,,YVTE9ROHBUDVIB8,commercial_photography_art_and_graphics
222,revel ride,2022-07-11T00:00:00,posted,4702,940,20,BQTMSBEXTZE3BHX,car_rental_agencies
270,Ridepanda lease,2022-07-11T00:00:00,posted,7900,0,,FI9OE226R0ZHOO7,bicycle_shops
424,bird ride,2022-07-11T00:00:00,posted,424,21,5,7DHYXCKLJMBSZOD,miscellaneous_recreation_services
376,Ridepanda lease,2022-07-10T00:00:00,posted,7900,0,,FI9OE226R0ZHOO7,bicycle_shops
33,Ridepanda lease,2022-07-09T00:00:00,posted,7900,0,,FI9OE226R0ZHOO7,bicycle_shops
308,riide leasing,2022-07-09T00:00:00,posted,9900,990,10,000445442516990,bicycle_shops
30,Ridepanda lease,2022-07-07T00:00:00,posted,7900,0,,FI9OE226R0ZHOO7,bicycle_shops
141,Beyond leasing,2022-07-07T00:00:00,posted,6900,0,,YVTE9ROHBUDVIB8,commercial_photography_art_and_graphics
243,Ridepanda lease,2022-07-07T00:00:00,posted,7900,0,,FI9OE226R0ZHOO7,bicycle_shops
342,riide leasing,2022-07-07T00:00:00,posted,9900,990,10,000445442516990,bicycle_shops
493,Unagi,2022-07-07T00:00:00,posted,99000,24750,25,EBKBZTSFL6OIFYQ,transportation_services
105,riide leasing,2022-07-06T00:00:00,posted,9900,990,10,000445442516990,bicycle_shops
232,Beyond leasing,2022-07-06T00:00:00,posted,6900,0,,YVTE9ROHBUDVIB8,commercial_photography_art_and_graphics
462,Bird buy,2022-07-06T00:00:00,posted,69900,6990,10,000445266622999,miscellaneous_recreation_services
496,Ridepanda lease,2022-07-06T00:00:00,posted,7900,0,,FI9OE226R0ZHOO7,bicycle_shops
233,beyond leasing,2022-07-05T00:00:00,posted,6900,0,,YVTE9ROHBUDVIB8,commercial_photography_art_and_graphics
267,Beyond leasing,2022-07-05T00:00:00,posted,6900,0,,YVTE9ROHBUDVIB8,commercial_photography_art_and_graphics
446,beyond leasing,2022-07-05T00:00:00,posted,6900,0,,YVTE9ROHBUDVIB8,commercial_photography_art_and_graphics
337,Bird buy,2022-07-04T00:00:00,posted,69900,6990,10,000445266622999,miscellaneous_recreation_services
346,Ridepanda lease,2022-07-04T00:00:00,posted,7900,0,,FI9OE226R0ZHOO7,bicycle_shops
358,Bird buy,2022-07-04T00:00:00,posted,69900,6990,10,000445266622999,miscellaneous_recreation_services
365,bird ride,2022-07-04T00:00:00,posted,3253,162,5,7DHYXCKLJMBSZOD,miscellaneous_recreation_services
77,revel rideshare,2022-07-03T00:00:00,posted,4353,0,,BQTMSBEXTZE3BHX,car_rental_agencies
122,bird ride,2022-07-03T00:00:00,posted,1251,62,5,7DHYXCKLJMBSZOD,miscellaneous_recreation_services
150,Unagi,2022-07-03T00:00:00,posted,99000,24750,25,EBKBZTSFL6OIFYQ,transportation_services
402,revel ride,2022-07-01T00:00:00,posted,4935,987,20,BQTMSBEXTZE3BHX,car_rental_agencies
421,Bird buy,2022-07-01T00:00:00,posted,69900,6990,10,000445266622999,miscellaneous_recreation_services
435,Bird buy,2022-07-01T00:00:00,posted,69900,6990,10,000445266622999,miscellaneous_recreation_services
168,bird ride,2022-06-30T00:00:00,posted,4699,234,5,7DHYXCKLJMBSZOD,miscellaneous_recreation_services
455,beyond leasing,2022-06-30T00:00:00,posted,6900,0,,YVTE9ROHBUDVIB8,commercial_photography_art_and_graphics
369,Unagi,2022-06-29T00:00:00,posted,99000,24750,25,EBKBZTSFL6OIFYQ,transportation_services
474,Ridepanda lease,2022-06-28T00:00:00,posted,7900,0,,FI9OE226R0ZHOO7,bicycle_shops
25,bird ride,2022-06-27T00:00:00,posted,5309,265,5,7DHYXCKLJMBSZOD,miscellaneous_recreation_services
237,Unagi,2022-06-27T00:00:00,posted,99000,24750,25,EBKBZTSFL6OIFYQ,transportation_services
282,revel rideshare,2022-06-27T00:00:00,posted,4338,0,,BQTMSBEXTZE3BHX,car_rental_agencies
246,Ridepanda lease,2022-06-26T00:00:00,posted,7900,0,,FI9OE226R0ZHOO7,bicycle_shops
12,riide leasing,2022-06-25T00:00:00,posted,9900,990,10,000445442516990,bicycle_shops
184,revel ride,2022-06-25T00:00:00,posted,4963,992,20,BQTMSBEXTZE3BHX,car_rental_agencies
111,riide leasing,2022-06-24T00:00:00,posted,9900,990,10,000445442516990,bicycle_shops
343,Ridepanda lease,2022-06-24T00:00:00,posted,7900,0,,FI9OE226R0ZHOO7,bicycle_shops
154,Ridepanda lease,2022-06-23T00:00:00,posted,7900,0,,FI9OE226R0ZHOO7,bicycle_shops
399,Beyond purchase,2022-06-23T00:00:00,posted,81500,0,,YVTE9ROHBUDVIB8,commercial_photography_art_and_graphics
379,revel ride,2022-06-22T00:00:00,posted,4159,831,20,BQTMSBEXTZE3BHX,car_rental_agencies
174,revel ride,2022-06-21T00:00:00,posted,6118,1223,20,BQTMSBEXTZE3BHX,car_rental_agencies
92,Ridepanda lease,2022-06-20T00:00:00,posted,7900,0,,FI9OE226R0ZHOO7,bicycle_shops
220,uber ride,2022-06-20T00:00:00,posted,3040,456,15,000445197950998,taxicabs_limousines
330,Ridepanda lease,2022-06-20T00:00:00,posted,7900,0,,FI9OE226R0ZHOO7,bicycle_shops
404,bird ride,2022-06-20T00:00:00,posted,910,45,5,7DHYXCKLJMBSZOD,miscellaneous_recreation_services
450,revel rideshare,2022-06-20T00:00:00,posted,1530,0,,BQTMSBEXTZE3BHX,car_rental_agencies
20,Ridepanda lease,2022-06-19T00:00:00,posted,7900,0,,FI9OE226R0ZHOO7,bicycle_shops
256,Ridepanda lease,2022-06-19T00:00:00,posted,7900,0,,FI9OE226R0ZHOO7,bicycle_shops
318,revel ride,2022-06-19T00:00:00,posted,4368,873,20,BQTMSBEXTZE3BHX,car_rental_agencies
361,revel ride,2022-06-19T00:00:00,posted,3714,742,20,BQTMSBEXTZE3BHX,car_rental_agencies
97,Beyond purchase,2022-06-18T00:00:00,posted,81500,0,,YVTE9ROHBUDVIB8,commercial_photography_art_and_graphics
117,Ridepanda lease,2022-06-18T00:00:00,posted,7900,0,,FI9OE226R0ZHOO7,bicycle_shops
123,revel ride,2022-06-18T00:00:00,posted,6462,1292,20,BQTMSBEXTZE3BHX,car_rental_agencies
335,revel rideshare,2022-06-18T00:00:00,posted,4794,0,,BQTMSBEXTZE3BHX,car_rental_agencies
469,uber ride,2022-06-18T00:00:00,posted,1866,279,15,000445197950998,taxicabs_limousines
31,revel rideshare,2022-06-17T00:00:00,posted,6431,0,,BQTMSBEXTZE3BHX,car_rental_agencies
155,uber ride,2022-06-17T00:00:00,posted,2547,382,15,000445197950998,taxicabs_limousines
389,Bird buy,2022-06-17T00:00:00,posted,69900,6990,10,000445266622999,miscellaneous_recreation_services
29,revel rideshare,2022-06-16T00:00:00,posted,6906,0,,BQTMSBEXTZE3BHX,car_rental_agencies
384,revel ride,2022-06-16T00:00:00,posted,6115,1223,20,BQTMSBEXTZE3BHX,car_rental_agencies
434,revel ride,2022-06-16T00:00:00,posted,764,152,20,BQTMSBEXTZE3BHX,car_rental_agencies
56,Beyond purchase,2022-06-15T00:00:00,posted,81500,0,,YVTE9ROHBUDVIB8,commercial_photography_art_and_graphics
113,Beyond leasing,2022-06-15T00:00:00,posted,6900,0,,YVTE9ROHBUDVIB8,commercial_photography_art_and_graphics
214,Ridepanda lease,2022-06-15T00:00:00,posted,7900,0,,FI9OE226R0ZHOO7,bicycle_shops
295,Beyond purchase,2022-06-15T00:00:00,posted,81500,0,,YVTE9ROHBUDVIB8,commercial_photography_art_and_graphics
505,Bird buy,2022-06-15T00:00:00,posted,69900,6990,10,000445266622999,miscellaneous_recreation_services
438,Beyond purchase,2022-06-14T00:00:00,posted,81500,0,,YVTE9ROHBUDVIB8,commercial_photography_art_and_graphics
287,revel ride,2022-06-13T00:00:00,posted,1751,350,20,BQTMSBEXTZE3BHX,car_rental_agencies
377,uber ride,2022-06-13T00:00:00,posted,6223,933,15,000445197950998,taxicabs_limousines
300,Beyond leasing,2022-06-12T00:00:00,posted,6900,0,,YVTE9ROHBUDVIB8,commercial_photography_art_and_graphics
107,lyft ride,2022-06-10T00:00:00,posted,5653,847,15,ML8VGZKUUFD4FEM,taxicabs_limousines
120,Ridepanda lease,2022-06-10T00:00:00,posted,7900,0,,FI9OE226R0ZHOO7,bicycle_shops
269,bird ride,2022-06-10T00:00:00,posted,821,41,5,7DHYXCKLJMBSZOD,miscellaneous_recreation_services
349,Beyond leasing,2022-06-10T00:00:00,posted,6900,0,,YVTE9ROHBUDVIB8,commercial_photography_art_and_graphics
461,Unagi,2022-06-10T00:00:00,posted,99000,24750,25,EBKBZTSFL6OIFYQ,transportation_services
139,Bird buy,2022-06-09T00:00:00,posted,69900,6990,10,000445266622999,miscellaneous_recreation_services
142,revel ride,2022-06-09T00:00:00,posted,1340,268,20,BQTMSBEXTZE3BHX,car_rental_agencies
382,Beyond leasing,2022-06-09T00:00:00,posted,6900,0,,YVTE9ROHBUDVIB8,commercial_photography_art_and_graphics
183,revel ride,2022-06-08T00:00:00,posted,1088,217,20,BQTMSBEXTZE3BHX,car_rental_agencies
203,Beyond leasing,2022-06-08T00:00:00,posted,6900,0,,YVTE9ROHBUDVIB8,commercial_photography_art_and_graphics
396,Ridepanda lease,2022-06-08T00:00:00,posted,7900,0,,FI9OE226R0ZHOO7,bicycle_shops
499,Beyond purchase,2022-06-08T00:00:00,posted,81500,0,,YVTE9ROHBUDVIB8,commercial_photography_art_and_graphics
96,Beyond leasing,2022-06-07T00:00:00,posted,6900,0,,YVTE9ROHBUDVIB8,commercial_photography_art_and_graphics
152,revel ride,2022-06-06T00:00:00,posted,1534,306,20,BQTMSBEXTZE3BHX,car_rental_agencies
259,Beyond leasing,2022-06-06T00:00:00,posted,6900,0,,YVTE9ROHBUDVIB8,commercial_photography_art_and_graphics
378,Beyond leasing,2022-06-06T00:00:00,posted,6900,0,,YVTE9ROHBUDVIB8,commercial_photography_art_and_graphics
383,Unagi,2022-06-06T00:00:00,posted,99000,24750,25,EBKBZTSFL6OIFYQ,transportation_services
479,riide leasing,2022-06-06T00:00:00,posted,9900,990,10,000445442516990,bicycle_shops
481,riide leasing,2022-06-06T00:00:00,posted,9900,990,10,000445442516990,bicycle_shops
53,revel ride,2022-06-05T00:00:00,posted,5948,1189,20,BQTMSBEXTZE3BHX,car_rental_agencies
160,revel rideshare,2022-06-05T00:00:00,posted,3185,0,,BQTMSBEXTZE3BHX,car_rental_agencies
274,Bird buy,2022-06-05T00:00:00,posted,69900,6990,10,000445266622999,miscellaneous_recreation_services
319,beyond leasing,2022-06-05T00:00:00,posted,6900,0,,YVTE9ROHBUDVIB8,commercial_photography_art_and_graphics
412,bird ride,2022-06-05T00:00:00,posted,862,43,5,7DHYXCKLJMBSZOD,miscellaneous_recreation_services
507,riide leasing,2022-06-05T00:00:00,posted,9900,990,10,000445442516990,bicycle_shops
60,beyond leasing,2022-06-04T00:00:00,posted,6900,0,,YVTE9ROHBUDVIB8,commercial_photography_art_and_graphics
91,revel ride,2022-06-04T00:00:00,posted,4561,912,20,BQTMSBEXTZE3BHX,car_rental_agencies
321,Unagi,2022-06-04T00:00:00,posted,99000,24750,25,EBKBZTSFL6OIFYQ,transportation_services
460,revel rideshare,2022-06-04T00:00:00,posted,3572,0,,BQTMSBEXTZE3BHX,car_rental_agencies
226,bird ride,2022-06-03T00:00:00,posted,1479,73,5,7DHYXCKLJMBSZOD,miscellaneous_recreation_services
304,Beyond leasing,2022-06-03T00:00:00,posted,6900,0,,YVTE9ROHBUDVIB8,commercial_photography_art_and_graphics
320,Beyond leasing,2022-06-02T00:00:00,posted,6900,0,,YVTE9ROHBUDVIB8,commercial_photography_art_and_graphics
42,bird ride,2022-06-01T00:00:00,posted,4792,239,5,7DHYXCKLJMBSZOD,miscellaneous_recreation_services
75,uber ride,2022-06-01T00:00:00,posted,1077,161,15,000445197950998,taxicabs_limousines
94,Unagi,2022-06-01T00:00:00,posted,99000,24750,25,EBKBZTSFL6OIFYQ,transportation_services
236,Ridepanda lease,2022-06-01T00:00:00,posted,7900,0,,FI9OE226R0ZHOO7,bicycle_shops
276,revel ride,2022-06-01T00:00:00,posted,2165,433,20,BQTMSBEXTZE3BHX,car_rental_agencies
285,Ridepanda lease,2022-06-01T00:00:00,posted,7900,0,,FI9OE226R0ZHOO7,bicycle_shops
491,lyft ride,2022-06-01T00:00:00,posted,1883,282,15,ML8VGZKUUFD4FEM,taxicabs_limousines
89,lyft ride,2022-05-31T00:00:00,posted,6538,980,15,ML8VGZKUUFD4FEM,taxicabs_limousines
345,riide leasing,2022-05-31T00:00:00,posted,9900,990,10,000445442516990,bicycle_shops
428,Unagi,2022-05-31T00:00:00,posted,99000,24750,25,EBKBZTSFL6OIFYQ,transportation_services
67,Beyond purchase,2022-05-30T00:00:00,posted,81500,0,,YVTE9ROHBUDVIB8,commercial_photography_art_and_graphics
100,revel ride,2022-05-30T00:00:00,posted,5584,1116,20,BQTMSBEXTZE3BHX,car_rental_agencies
140,Beyond leasing,2022-05-30T00:00:00,posted,6900,0,,YVTE9ROHBUDVIB8,commercial_photography_art_and_graphics
265,beyond leasing,2022-05-30T00:00:00,posted,6900,0,,YVTE9ROHBUDVIB8,commercial_photography_art_and_graphics
456,Beyond purchase,2022-05-30T00:00:00,posted,81500,0,,YVTE9ROHBUDVIB8,commercial_photography_art_and_graphics
74,Beyond leasing,2022-05-29T00:00:00,posted,6900,0,,YVTE9ROHBUDVIB8,commercial_photography_art_and_graphics
112,Ridepanda lease,2022-05-29T00:00:00,posted,7900,0,,FI9OE226R0ZHOO7,bicycle_shops
468,Ridepanda lease,2022-05-28T00:00:00,posted,7900,0,,FI9OE226R0ZHOO7,bicycle_shops
487,bird ride,2022-05-28T00:00:00,posted,3588,179,5,7DHYXCKLJMBSZOD,miscellaneous_recreation_services
9,revel ride,2022-05-27T00:00:00,posted,4808,961,20,BQTMSBEXTZE3BHX,car_rental_agencies
26,Beyond purchase,2022-05-27T00:00:00,posted,81500,0,,YVTE9ROHBUDVIB8,commercial_photography_art_and_graphics
228,beyond leasing,2022-05-27T00:00:00,posted,6900,0,,YVTE9ROHBUDVIB8,commercial_photography_art_and_graphics
292,Bird buy,2022-05-27T00:00:00,posted,69900,6990,10,000445266622999,miscellaneous_recreation_services
350,Bird buy,2022-05-27T00:00:00,posted,69900,6990,10,000445266622999,miscellaneous_recreation_services
8,riide leasing,2022-05-26T00:00:00,posted,9900,990,10,000445442516990,bicycle_shops
23,Unagi,2022-05-26T00:00:00,posted,99000,24750,25,EBKBZTSFL6OIFYQ,transportation_services
170,Bird buy,2022-05-25T00:00:00,posted,69900,6990,10,000445266622999,miscellaneous_recreation_services
178,Unagi,2022-05-25T00:00:00,posted,99000,24750,25,EBKBZTSFL6OIFYQ,transportation_services
302,uber ride,2022-05-25T00:00:00,posted,708,106,15,000445197950998,taxicabs_limousines
375,revel ride,2022-05-25T00:00:00,posted,6534,1306,20,BQTMSBEXTZE3BHX,car_rental_agencies
156,Ridepanda lease,2022-05-24T00:00:00,posted,7900,0,,FI9OE226R0ZHOO7,bicycle_shops
467,Ridepanda lease,2022-05-24T00:00:00,posted,7900,0,,FI9OE226R0ZHOO7,bicycle_shops
323,riide leasing,2022-05-23T00:00:00,posted,9900,990,10,000445442516990,bicycle_shops
504,revel ride,2022-05-22T00:00:00,posted,4400,880,20,BQTMSBEXTZE3BHX,car_rental_agencies
426,uber ride,2022-05-21T00:00:00,posted,1081,162,15,000445197950998,taxicabs_limousines
58,Unagi,2022-05-20T00:00:00,posted,99000,24750,25,EBKBZTSFL6OIFYQ,transportation_services
68,Unagi,2022-05-20T00:00:00,posted,99000,24750,25,EBKBZTSFL6OIFYQ,transportation_services
108,beyond leasing,2022-05-20T00:00:00,posted,6900,0,,YVTE9ROHBUDVIB8,commercial_photography_art_and_graphics
250,Beyond leasing,2022-05-20T00:00:00,posted,6900,0,,YVTE9ROHBUDVIB8,commercial_photography_art_and_graphics
254,Bird buy,2022-05-20T00:00:00,posted,69900,6990,10,000445266622999,miscellaneous_recreation_services
351,Unagi,2022-05-20T00:00:00,posted,99000,24750,25,EBKBZTSFL6OIFYQ,transportation_services
473,Ridepanda lease,2022-05-20T00:00:00,posted,7900,0,,FI9OE226R0ZHOO7,bicycle_shops
451,Ridepanda lease,2022-05-19T00:00:00,posted,7900,0,,FI9OE226R0ZHOO7,bicycle_shops
186,Beyond purchase,2022-05-18T00:00:00,posted,81500,0,,YVTE9ROHBUDVIB8,commercial_photography_art_and_graphics
224,Ridepanda lease,2022-05-18T00:00:00,posted,7900,0,,FI9OE226R0ZHOO7,bicycle_shops
488,riide leasing,2022-05-18T00:00:00,posted,9900,990,10,000445442516990,bicycle_shops
132,Ridepanda lease,2022-05-17T00:00:00,posted,7900,0,,FI9OE226R0ZHOO7,bicycle_shops
205,revel rideshare,2022-05-17T00:00:00,posted,2529,0,,BQTMSBEXTZE3BHX,car_rental_agencies
213,Beyond leasing,2022-05-17T00:00:00,posted,6900,0,,YVTE9ROHBUDVIB8,commercial_photography_art_and_graphics
415,revel ride,2022-05-17T00:00:00,posted,4096,819,20,BQTMSBEXTZE3BHX,car_rental_agencies
101,Bird buy,2022-05-16T00:00:00,posted,69900,6990,10,000445266622999,miscellaneous_recreation_services
457,Unagi,2022-05-16T00:00:00,posted,99000,24750,25,EBKBZTSFL6OIFYQ,transportation_services
147,riide leasing,2022-05-15T00:00:00,posted,9900,990,10,000445442516990,bicycle_shops
261,Ridepanda lease,2022-05-15T00:00:00,posted,7900,0,,FI9OE226R0ZHOO7,bicycle_shops
275,revel rideshare,2022-05-15T00:00:00,posted,6762,0,,BQTMSBEXTZE3BHX,car_rental_agencies
394,Beyond leasing,2022-05-15T00:00:00,posted,6900,0,,YVTE9ROHBUDVIB8,commercial_photography_art_and_graphics
444,revel ride,2022-05-15T00:00:00,posted,1205,241,20,BQTMSBEXTZE3BHX,car_rental_agencies
7,revel ride,2022-05-14T00:00:00,posted,2412,482,20,BQTMSBEXTZE3BHX,car_rental_agencies
159,bird ride,2022-05-14T00:00:00,posted,2455,122,5,7DHYXCKLJMBSZOD,miscellaneous_recreation_services
230,Ridepanda lease,2022-05-14T00:00:00,posted,7900,0,,FI9OE226R0ZHOO7,bicycle_shops
305,uber ride,2022-05-14T00:00:00,posted,2952,442,15,000445197950998,taxicabs_limousines
354,riide leasing,2022-05-14T00:00:00,posted,9900,990,10,000445442516990,bicycle_shops
366,Beyond leasing,2022-05-14T00:00:00,posted,6900,0,,YVTE9ROHBUDVIB8,commercial_photography_art_and_graphics
395,Unagi,2022-05-14T00:00:00,posted,99000,24750,25,EBKBZTSFL6OIFYQ,transportation_services
476,Ridepanda lease,2022-05-14T00:00:00,posted,7900,0,,FI9OE226R0ZHOO7,bicycle_shops
38,revel ride,2022-05-13T00:00:00,posted,1067,213,20,BQTMSBEXTZE3BHX,car_rental_agencies
49,Ridepanda lease,2022-05-13T00:00:00,posted,7900,0,,FI9OE226R0ZHOO7,bicycle_shops
439,Bird buy,2022-05-13T00:00:00,posted,69900,6990,10,000445266622999,miscellaneous_recreation_services
432,Ridepanda lease,2022-05-12T00:00:00,posted,7900,0,,FI9OE226R0ZHOO7,bicycle_shops
27,Bird buy,2022-05-11T00:00:00,posted,69900,6990,10,000445266622999,miscellaneous_recreation_services
41,revel rideshare,2022-05-11T00:00:00,posted,6822,0,,BQTMSBEXTZE3BHX,car_rental_agencies
93,riide leasing,2022-05-10T00:00:00,posted,9900,990,10,000445442516990,bicycle_shops
106,revel ride,2022-05-10T00:00:00,posted,2280,456,20,BQTMSBEXTZE3BHX,car_rental_agencies
212,revel ride,2022-05-10T00:00:00,posted,5955,1191,20,BQTMSBEXTZE3BHX,car_rental_agencies
338,revel ride,2022-05-10T00:00:00,posted,5962,1192,20,BQTMSBEXTZE3BHX,car_rental_agencies
405,Ridepanda lease,2022-05-10T00:00:00,posted,7900,0,,FI9OE226R0ZHOO7,bicycle_shops
380,bird ride,2022-05-09T00:00:00,posted,3335,166,5,7DHYXCKLJMBSZOD,miscellaneous_recreation_services
497,bird ride,2022-05-09T00:00:00,posted,5498,274,5,7DHYXCKLJMBSZOD,miscellaneous_recreation_services
133,riide leasing,2022-05-08T00:00:00,posted,9900,990,10,000445442516990,bicycle_shops
339,Ridepanda lease,2022-05-08T00:00:00,posted,7900,0,,FI9OE226R0ZHOO7,bicycle_shops
131,revel ride,2022-05-07T00:00:00,posted,2765,553,20,BQTMSBEXTZE3BHX,car_rental_agencies
262,revel ride,2022-05-07T00:00:00,posted,2432,486,20,BQTMSBEXTZE3BHX,car_rental_agencies
433,Unagi,2022-05-07T00:00:00,posted,99000,24750,25,EBKBZTSFL6OIFYQ,transportation_services
194,revel rideshare,2022-05-06T00:00:00,posted,4499,0,,BQTMSBEXTZE3BHX,car_rental_agencies
252,beyond leasing,2022-05-06T00:00:00,posted,6900,0,,YVTE9ROHBUDVIB8,commercial_photography_art_and_graphics
458,uber ride,2022-05-06T00:00:00,posted,1228,184,15,000445197950998,taxicabs_limousines
263,Bird buy,2022-05-05T00:00:00,posted,69900,6990,10,000445266622999,miscellaneous_recreation_services
417,Ridepanda lease,2022-05-05T00:00:00,posted,7900,0,,FI9OE226R0ZHOO7,bicycle_shops
88,uber ride,2022-05-04T00:00:00,posted,3180,477,15,000445197950998,taxicabs_limousines
125,Beyond leasing,2022-05-04T00:00:00,posted,6900,0,,YVTE9ROHBUDVIB8,commercial_photography_art_and_graphics
324,lyft ride,2022-05-04T00:00:00,posted,5566,834,15,ML8VGZKUUFD4FEM,taxicabs_limousines
440,Unagi,2022-05-04T00:00:00,posted,99000,24750,25,EBKBZTSFL6OIFYQ,transportation_services
204,Unagi,2022-05-03T00:00:00,posted,99000,24750,25,EBKBZTSFL6OIFYQ,transportation_services
14,beyond leasing,2022-05-02T00:00:00,posted,6900,0,,YVTE9ROHBUDVIB8,commercial_photography_art_and_graphics
210,uber ride,2022-05-02T00:00:00,posted,6339,950,15,000445197950998,taxicabs_limousines
221,Ridepanda lease,2022-05-02T00:00:00,posted,7900,0,,FI9OE226R0ZHOO7,bicycle_shops
217,riide leasing,2022-05-01T00:00:00,posted,9900,990,10,000445442516990,bicycle_shops